{
  "run_config": {
    "m_batches": 3,
    "m_downsample_stride": 4,
    "m_ridge": 0.01,
    "null_samples": 200
  },
  "networks": {
    "Local-Hom": {
      "kind": "homogeneous",
      "checkpoint_path": "C:\\Users\\Priya\\Desktop\\research project (SNN Info Theory)\\Project Files\\Checkpoints\\local_hom_checkpoint.pt",
      "distribution_family": null,
      "final_test_acc": 0.6523851590106007,
      "final": {
        "alpha_unique": 1,
        "beta_unique": 1,
        "tau_syn_ms_min": 199.49977302380086,
        "tau_syn_ms_max": 199.49977302380086,
        "tau_mem_ms_min": 199.49977302380086,
        "tau_mem_ms_max": 199.49977302380086
      },
      "tau_syn_ms": [
        199.49977302380086
      ],
      "tau_mem_ms": [
        199.49977302380086
      ]
    },
    "Local-Het-Learned": {
      "kind": "heterogeneous",
      "checkpoint_path": "C:\\Users\\Priya\\Desktop\\research project (SNN Info Theory)\\Project Files\\Checkpoints\\network_A_checkpoint.pt",
      "distribution_family": null,
      "final_test_acc": 0.6492932862190812,
      "final": {
        "alpha_unique": 31,
        "beta_unique": 25,
        "tau_syn_ms_min": 3.5976464940346053,
        "tau_syn_ms_max": 199.49977302380086,
        "tau_mem_ms_min": 3.397982774048926,
        "tau_mem_ms_max": 199.49977302380086
      },
      "tau_syn_ms": [
        7.015185668444519,
        8.556646840650956,
        5.70390738204385,
        13.299836381061187,
        148.67931200137753,
        5.939677924578653,
        28.592171820002104,
        11.151460968055476,
        16.96258403883443,
        14.986425224083275,
        13.428035384006865,
        17.205345559702742,
        8.41620771617559,
        46.666298853328755,
        5.452367433869526,
        23.011862622690483,
        199.49977302380086,
        199.49977302380086,
        44.78529616776671,
        13.75025468984559,
        176.1910764433333,
        67.04205952563386,
        3.5976464940346053,
        8.992794540934506,
        4.84368391024266,
        176.0367602650402,
        12.989314501014853,
        17.583981691948594,
        45.03705554046995,
        8.07023164215966,
        168.2945628885345,
        3.703182520230035
      ],
      "tau_mem_ms": [
        4.937249251275807,
        29.62694995634252,
        167.37574538934834,
        14.261910481050034,
        199.49977302380086,
        3.397982774048926,
        199.49977302380086,
        7.959987484016952,
        16.16782260857313,
        9.965976046234148,
        3.8186761251086674,
        199.49977302380086,
        15.763876597402682,
        28.83344612715035,
        7.1566048946987335,
        9.225836273133012,
        199.49977302380086,
        55.400933545802005,
        33.76395158840954,
        9.908747863820748,
        37.328596499305455,
        199.49977302380086,
        14.097296516667159,
        8.261844032591839,
        6.363884221610993,
        199.49977302380086,
        52.04987383041347,
        8.1382313748124,
        199.49977302380086,
        9.646749302311573,
        199.49977302380086,
        3.854812473577659
      ]
    },
    "FittedHet-LogNormMem-GammaSyn": {
      "kind": "heterogeneous",
      "checkpoint_path": "C:\\Users\\Priya\\Desktop\\research project (SNN Info Theory)\\Project Files\\Checkpoints\\fittedhet_lognorm_mem_gamma_syn_checkpoint.pt",
      "distribution_family": {
        "tau_syn": "gamma",
        "tau_mem": "lognormal"
      },
      "final_test_acc": 0.6903710247349824,
      "final": {
        "alpha_unique": 32,
        "beta_unique": 31,
        "tau_syn_ms_min": 3.258891617416754,
        "tau_syn_ms_max": 97.37569894323957,
        "tau_mem_ms_min": 5.755225483265454,
        "tau_mem_ms_max": 99.74962916323692
      },
      "tau_syn_ms": [
        20.127093405223036,
        3.3333124992286436,
        67.38478651931202,
        4.13637836447614,
        19.87411458756729,
        32.28847535243132,
        5.617332904523197,
        28.424100746002786,
        15.404222558312979,
        3.258891617416754,
        6.751973080332615,
        13.612798743853487,
        26.985268436759867,
        45.71016484701282,
        25.272709235783076,
        32.00293924902826,
        8.093791047781993,
        16.453232142906305,
        30.388722022592834,
        60.8603556018747,
        21.521594143314903,
        5.837089297693086,
        53.062281018237016,
        47.549434179906754,
        9.71811878196082,
        8.960259655956454,
        15.834966984043703,
        23.064791771139614,
        84.18879623337399,
        97.37569894323957,
        26.38056181622907,
        39.9824986774618
      ],
      "tau_mem_ms": [
        38.19244422837413,
        37.498955566509636,
        20.923788253844158,
        39.4278569932473,
        60.63362229705641,
        63.9139710355618,
        28.15669075568879,
        6.052207365256429,
        23.487826426016582,
        41.15172966745733,
        24.594245496032944,
        99.74962916323692,
        17.08002971548142,
        36.34544239448116,
        11.308121641339994,
        16.295371065509027,
        9.017104228893139,
        99.74962916323692,
        24.146704052804793,
        18.236044420602248,
        48.85437006770926,
        89.92619948772077,
        36.5491390239597,
        29.956721096643676,
        8.131055062058882,
        13.519381008630857,
        5.755225483265454,
        63.781677487408786,
        31.39834899129925,
        21.503937769866802,
        14.566062807399101,
        34.02190998492288
      ]
    },
    "FittedHet-LogUniformMem-GammaSyn": {
      "kind": "heterogeneous",
      "checkpoint_path": "C:\\Users\\Priya\\Desktop\\research project (SNN Info Theory)\\Project Files\\Checkpoints\\fittedhet_loguniform_mem_gamma_syn_checkpoint.pt",
      "distribution_family": {
        "tau_syn": "gamma",
        "tau_mem": "loguniform"
      },
      "final_test_acc": 0.6007067137809188,
      "final": {
        "alpha_unique": 28,
        "beta_unique": 31,
        "tau_syn_ms_min": 3.258891617416754,
        "tau_syn_ms_max": 68.69545272112714,
        "tau_mem_ms_min": 3.258891617416754,
        "tau_mem_ms_max": 93.51755706141412
      },
      "tau_syn_ms": [
        30.634122735043736,
        40.442845064551,
        27.84585407819989,
        11.591535824567123,
        23.644137603505637,
        68.69545272112714,
        4.205756234495581,
        3.258891617416754,
        3.258891617416754,
        14.559496327817515,
        3.258891617416754,
        6.8831362172186505,
        17.775308304342712,
        3.258891617416754,
        6.028947679480268,
        23.863933391893053,
        26.688255304518396,
        7.319956968743589,
        3.383253573044972,
        16.40685762353232,
        14.379050988795584,
        25.75691480940049,
        48.11364726793549,
        5.163105083401058,
        17.908639251057515,
        25.31126446146421,
        4.497816232937043,
        14.329148089365848,
        64.71829548964169,
        3.258891617416754,
        8.30926261874116,
        19.29757810793805
      ],