pair_seed,subset_size,subset_pair_M_mean_heterogeneous_sampled,subset_pair_M_mean_homogeneous_anchor,subset_pair_W_mean_heterogeneous_sampled,subset_pair_W_mean_homogeneous_anchor,subset_pair_z_mean_heterogeneous_sampled,subset_pair_z_mean_homogeneous_anchor,subset_positive_frac_heterogeneous_sampled,subset_positive_frac_homogeneous_anchor,hetero_minus_hom_subset_pair_z_mean,hetero_minus_hom_subset_pair_M_mean,hetero_minus_hom_subset_pair_W_mean
101,2,0.0010228726379080493,0.0030396774986127806,0.029197358462264105,0.14255873234730645,-0.9386536704178283,-2.8485356480385313,0.0,0.0,1.909881977620703,-0.002016804860704731,-0.11336137388504235
101,4,0.003456361583443165,-4.8802966299894065e-06,0.10341825705040929,0.05434204759399209,-1.2588030008212152,-1.5515915656660475,0.0,0.0,0.2927885648448323,0.0034612418800731544,0.0490762094564172
101,8,0.008669794470624952,0.011013091260064852,0.40634374413950175,0.06545064531519292,-1.3089620832223747,-0.8082868717627392,0.0,0.2222222222222222,-0.5006752114596356,-0.0023432967894399005,0.34089309882430885
101,16,0.010803435245937581,0.0021472907942932354,0.17717745362325535,0.08463017109713566,-1.3295962587810113,-1.2994279013159062,0.0,0.0,-0.030168357465105045,0.008656144451644346,0.09254728252611968
101,32,0.0,0.022664183317791863,0.28505537609121095,0.11854879358485783,-4.236615191310296,0.7340965835541472,0.0,0.6666666666666666,-4.970711774864443,-0.022664183317791863,0.16650658250635314
