pair_seed,heterogeneous_sampled,homogeneous_anchor,hetero_minus_hom_acc
101,0.8242049469964664,0.8268551236749117,-0.0026501766784452485
